{"Datos": [{"Id": 123456, "Nombre": "Juan", "Preguntas": ["se cepilla a diario?", "se enjuaga la boca cuando se cepilla?", "tiene alguna obsesion al cepillarse los dientes?", "se cepilla los dientes todos los dias del mes?", "Todas las semanas utiliza ceda dental?"], "Respuesta": ["si", "si", "si", "si", "si"]}, {"Id": 147852, "Nombre": "juan", "Preguntas": ["se cepilla a diario?", "se enjuaga la boca cuando se cepilla?", "tiene alguna obsesion al cepillarse los dientes?", "se cepilla los dientes todos los dias del mes?", "Todas las semanas utiliza ceda dental?"], "Respuesta": ["si", "no", "no", "no", "no"]}, {"Id": 12345, "Nombre": "Juan", "Preguntas": ["se cepilla a diario?", "se enjuaga la boca cuando se cepilla?", "tiene alguna obsesion al cepillarse los dientes?", "se cepilla los dientes todos los dias del mes?", "Todas las semanas utiliza ceda dental?"], "Respuesta": ["si", "si", "si", "si", "si"]}, {"Id": 12345, "Nombre": "Juan", "Preguntas": ["se cepilla a diario?", "se enjuaga la boca cuando se cepilla?", "tiene alguna obsesion al cepillarse los dientes?", "se cepilla los dientes todos los dias del mes?", "Todas las semanas utiliza ceda dental?"], "Respuesta": ["si", "si", "si", "si", "si"]}, {"Id": 12345, "Nombre": "Juan", "Preguntas": ["se cepilla a diario?", "se enjuaga la boca cuando se cepilla?", "tiene alguna obsesion al cepillarse los dientes?", "se cepilla los dientes todos los dias del mes?", "Todas las semanas utiliza ceda dental?"], "Respuesta": ["si", "si", "si", "si", "si"]}, {"Id": 1234, "Nombre": "Juan", "Preguntas": ["se cepilla a diario?", "se enjuaga la boca cuando se cepilla?", "tiene alguna obsesion al cepillarse los dientes?", "se cepilla los dientes todos los dias del mes?", "Todas las semanas utiliza ceda dental?"], "Respuesta": ["si", "si", "si", "si", "si"]}, {"Id": 12345, "Nombre": "Juan", "Preguntas": ["se cepilla a diario?", "se enjuaga la boca cuando se cepilla?", "tiene alguna obsesion al cepillarse los dientes?", "se cepilla los dientes todos los dias del mes?", "Todas las semanas utiliza ceda dental?"], "Respuesta": ["si", "no", "si", "si", "si"]}]}